,home_team_goals_difference,away_team_goals_difference,games_won_home_team,games_won_away_team,games_against_home,games_against_away,home_player_1_overall_rating,home_player_2_overall_rating,home_player_3_overall_rating,home_player_4_overall_rating,home_player_5_overall_rating,home_player_6_overall_rating,home_player_7_overall_rating,home_player_8_overall_rating,home_player_9_overall_rating,home_player_10_overall_rating,home_player_11_overall_rating,away_player_1_overall_rating,away_player_2_overall_rating,away_player_3_overall_rating,away_player_4_overall_rating,away_player_5_overall_rating,away_player_6_overall_rating,away_player_7_overall_rating,away_player_8_overall_rating,away_player_9_overall_rating,away_player_10_overall_rating,away_player_11_overall_rating,odds_home,odds_draw,odds_away
537,-9.0,7.0,2.0,6.0,0.0,1.0,71.0,59.0,61.0,67.0,64.0,65.0,72.0,65.0,66.0,68.0,65.0,63.0,69.0,66.0,68.0,66.0,69.0,68.0,68.0,72.0,66.0,63.0,0.379531969411506,0.2878011161136341,0.33266691447485985
538,-5.0,-12.0,2.0,1.0,0.0,1.0,64.0,61.0,69.0,64.0,64.0,68.0,66.0,64.0,67.0,70.0,64.0,68.0,65.0,66.0,58.0,63.0,66.0,67.0,62.0,65.0,62.0,66.0,0.5031658263882358,0.2668328040103213,0.23000136960144285
539,5.0,3.0,5.0,4.0,0.0,2.0,69.0,70.0,72.0,66.0,61.0,69.0,68.0,70.0,71.0,70.0,73.0,68.0,68.0,67.0,67.0,64.0,62.0,61.0,66.0,65.0,72.0,70.0,0.530293172005673,0.26444201852800076,0.20526480946632616
540,0.0,-5.0,4.0,2.0,0.0,0.0,69.0,68.0,69.0,64.0,64.0,66.0,66.0,52.0,60.0,71.0,73.0,58.0,63.0,61.0,60.0,60.0,63.0,64.0,59.0,61.0,64.0,56.0,0.5807106766466783,0.24661742913132567,0.17267189422199583
541,11.0,0.0,8.0,0.0,0.0,0.0,65.0,71.0,72.0,73.0,73.0,74.0,71.0,72.0,67.0,71.0,71.0,65.0,63.0,61.0,62.0,60.0,61.0,67.0,66.0,61.0,66.0,63.0,0.6954333920206703,0.19017933890951697,0.11438726906981264
543,6.0,-7.0,5.0,4.0,2.0,1.0,66.0,71.0,65.0,64.0,69.0,73.0,71.0,66.0,63.0,68.0,73.0,66.0,67.0,69.0,62.0,65.0,71.0,64.0,66.0,70.0,69.0,63.0,0.5289955792866655,0.2579215310293425,0.21308288968399217
544,14.0,7.0,7.0,5.0,0.0,3.0,71.0,71.0,73.0,70.0,66.0,74.0,70.0,72.0,70.0,70.0,68.0,65.0,66.0,64.0,67.0,69.0,72.0,72.0,71.0,66.0,74.0,72.0,0.5130335845855831,0.264640979769124,0.22232543564529292
545,2.0,10.0,4.0,6.0,0.0,3.0,71.0,69.0,70.0,72.0,68.0,69.0,70.0,71.0,71.0,73.0,67.0,74.0,73.0,74.0,72.0,70.0,69.0,71.0,76.0,73.0,71.0,77.0,0.31748455155262373,0.2849192562763852,0.39759619217099107
546,-2.0,0.0,4.0,4.0,1.0,1.0,71.0,62.0,67.0,62.0,66.0,65.0,66.0,64.0,72.0,68.0,68.0,71.0,71.0,66.0,73.0,73.0,68.0,64.0,65.0,66.0,69.0,70.0,0.3065299939043128,0.27544607197289794,0.4180239341227893
547,-9.0,-4.0,2.0,2.0,0.0,0.0,57.0,63.0,62.0,63.0,63.0,63.0,64.0,62.0,64.0,61.0,64.0,66.0,65.0,70.0,63.0,66.0,68.0,65.0,63.0,64.0,67.0,68.0,0.42190667758613004,0.28257059592620076,0.2955227264876691
548,3.0,-14.0,5.0,1.0,1.0,1.0,68.0,70.0,67.0,68.0,61.0,67.0,59.0,66.0,73.0,61.0,67.0,63.0,67.0,63.0,64.0,65.0,57.0,69.0,70.0,64.0,65.0,69.0,0.5004834560680834,0.26846297200116453,0.23105357193075196
549,-1.0,-3.0,4.0,1.0,1.0,0.0,72.0,70.0,69.0,70.0,69.0,68.0,67.0,70.0,67.0,70.0,68.0,63.0,64.0,65.0,63.0,58.0,61.0,65.0,65.0,63.0,65.0,66.0,0.5305328522710504,0.26367427185323034,0.20579287587571934
550,1.0,2.0,3.0,5.0,0.0,2.0,65.0,67.0,70.0,69.0,65.0,72.0,71.0,66.0,66.0,66.0,68.0,66.0,66.0,63.0,64.0,69.0,65.0,67.0,65.0,66.0,68.0,66.0,0.4366755043549763,0.2860044948708452,0.2773200007741785
551,-10.0,0.0,0.0,4.0,0.0,0.0,65.0,63.0,64.0,63.0,66.0,63.0,61.0,67.0,66.0,57.0,63.0,63.0,64.0,68.0,64.0,66.0,64.0,68.0,66.0,69.0,69.0,66.0,0.3604431577157856,0.28512395143886277,0.35443289084535173
552,8.0,-10.0,5.0,0.0,0.0,0.0,74.0,73.0,74.0,72.0,70.0,62.0,76.0,71.0,67.0,73.0,71.0,65.0,57.0,63.0,64.0,63.0,66.0,67.0,63.0,64.0,66.0,63.0,0.7082391829851122,0.18007850779784879,0.11168230921703896
553,5.0,0.0,4.0,4.0,2.0,1.0,65.0,66.0,64.0,67.0,69.0,72.0,72.0,71.0,66.0,72.0,74.0,71.0,63.0,62.0,67.0,64.0,63.0,66.0,68.0,66.0,68.0,72.0,0.5897724557864809,0.2358492377818245,0.1743783064316946
554,2.0,2.0,4.0,5.0,3.0,0.0,71.0,71.0,73.0,66.0,61.0,73.0,72.0,64.0,70.0,69.0,66.0,66.0,66.0,65.0,69.0,64.0,66.0,65.0,67.0,63.0,68.0,66.0,0.5745247706819822,0.2461078203925216,0.17936740892549624
555,6.0,-2.0,6.0,3.0,0.0,1.0,68.0,70.0,67.0,57.0,61.0,66.0,66.0,67.0,61.0,73.0,67.0,72.0,70.0,69.0,70.0,69.0,67.0,68.0,70.0,68.0,67.0,70.0,0.4617410630204096,0.2764324735675523,0.2618264634120379
556,4.0,13.0,3.0,6.0,1.0,1.0,66.0,65.0,70.0,63.0,66.0,68.0,65.0,63.0,64.0,68.0,67.0,71.0,71.0,70.0,73.0,66.0,74.0,70.0,72.0,68.0,70.0,72.0,0.23007675443024095,0.258629867413822,0.511293378155937
557,-2.0,-13.0,1.0,2.0,1.0,0.0,63.0,65.0,64.0,65.0,64.0,65.0,65.0,63.0,61.0,65.0,66.0,57.0,60.0,58.0,63.0,62.0,63.0,64.0,61.0,63.0,64.0,64.0,0.4794780364064092,0.27751715038224967,0.24300481321134115
558,-1.0,2.0,3.0,4.0,0.0,1.0,63.0,68.0,64.0,66.0,64.0,68.0,69.0,64.0,61.0,66.0,69.0,71.0,70.0,61.0,71.0,67.0,69.0,62.0,71.0,70.0,61.0,67.0,0.32776467556957944,0.2862860237626979,0.3859493006677226
559,-15.0,0.0,1.0,3.0,2.0,1.0,67.0,65.0,63.0,64.0,67.0,57.0,69.0,64.0,69.0,72.0,70.0,65.0,70.0,67.0,66.0,66.0,64.0,66.0,66.0,71.0,68.0,68.0,0.39706862657109926,0.2891024022209538,0.31382897120794706
560,8.0,-1.0,5.0,3.0,3.0,0.0,71.0,70.0,71.0,73.0,66.0,70.0,74.0,70.0,72.0,66.0,74.0,72.0,70.0,69.0,70.0,69.0,70.0,67.0,68.0,67.0,70.0,68.0,0.5793535385881234,0.2385522249426751,0.18209423646920128
561,1.0,-15.0,4.0,1.0,1.0,1.0,71.0,70.0,61.0,71.0,73.0,69.0,71.0,71.0,69.0,70.0,67.0,67.0,65.0,67.0,69.0,69.0,64.0,64.0,69.0,70.0,72.0,65.0,0.6123980869075029,0.2306121566244858,0.15698975646801128
562,-1.0,-2.0,3.0,3.0,1.0,0.0,71.0,68.0,73.0,66.0,64.0,64.0,72.0,65.0,70.0,69.0,72.0,63.0,63.0,66.0,68.0,64.0,69.0,61.0,64.0,68.0,66.0,69.0,0.5732474474126473,0.2421746569720194,0.18457789561533328
563,-1.0,10.0,4.0,4.0,1.0,1.0,71.0,63.0,62.0,67.0,64.0,68.0,72.0,66.0,66.0,67.0,63.0,66.0,65.0,70.0,63.0,62.0,68.0,65.0,63.0,62.0,68.0,67.0,0.488724117089028,0.26486452235457303,0.2464113605563989
564,-10.0,10.0,3.0,6.0,0.0,0.0,57.0,63.0,62.0,60.0,63.0,63.0,63.0,64.0,61.0,64.0,64.0,74.0,73.0,71.0,72.0,71.0,71.0,67.0,76.0,70.0,71.0,74.0,0.15045203171433766,0.2286549679335091,0.6208930003521533
565,3.0,8.0,6.0,5.0,1.0,1.0,66.0,66.0,65.0,69.0,64.0,67.0,65.0,66.0,66.0,63.0,68.0,65.0,66.0,64.0,67.0,68.0,68.0,72.0,71.0,72.0,74.0,66.0,0.376904281962814,0.28563749464842847,0.3374582233887574
566,-1.0,-1.0,3.0,1.0,1.0,0.0,65.0,70.0,66.0,67.0,64.0,64.0,68.0,66.0,66.0,71.0,68.0,63.0,65.0,64.0,64.0,64.0,63.0,63.0,65.0,65.0,65.0,65.0,0.5015352251673516,0.270449816461206,0.22801495837144237
567,-12.0,2.0,0.0,5.0,0.0,0.0,65.0,57.0,63.0,64.0,63.0,66.0,66.0,66.0,67.0,64.0,66.0,68.0,70.0,68.0,67.0,58.0,73.0,59.0,67.0,61.0,67.0,66.0,0.3109806535381807,0.28211647107207777,0.4069028753897415
568,7.0,3.0,5.0,4.0,3.0,0.0,74.0,73.0,74.0,72.0,70.0,76.0,71.0,74.0,73.0,67.0,71.0,71.0,68.0,73.0,66.0,64.0,62.0,65.0,70.0,72.0,72.0,69.0,0.5685947120590973,0.2422697440594161,0.1891355438814866
569,8.0,2.0,5.0,5.0,2.0,0.0,65.0,64.0,69.0,72.0,67.0,66.0,71.0,72.0,72.0,66.0,74.0,71.0,70.0,61.0,71.0,73.0,69.0,71.0,69.0,70.0,67.0,67.0,0.474791955886339,0.27144027550474215,0.2537677686089188
570,2.0,-7.0,5.0,4.0,0.0,1.0,68.0,70.0,68.0,67.0,59.0,58.0,67.0,61.0,73.0,70.0,66.0,57.0,63.0,60.0,63.0,62.0,66.0,61.0,64.0,56.0,64.0,62.0,0.5303711728632338,0.2686531897637863,0.2009756373729799
571,12.0,2.0,5.0,4.0,0.0,1.0,66.0,70.0,63.0,66.0,65.0,63.0,65.0,68.0,68.0,67.0,62.0,65.0,67.0,62.0,70.0,64.0,71.0,66.0,66.0,66.0,68.0,68.0,0.3964167386646575,0.2796825355362625,0.32390072579908
572,0.0,-12.0,4.0,0.0,0.0,0.0,72.0,69.0,65.0,69.0,63.0,70.0,68.0,67.0,67.0,68.0,70.0,66.0,63.0,61.0,63.0,61.0,66.0,61.0,67.0,66.0,66.0,64.0,0.5814173857775612,0.2444637023918475,0.1741189118305913
573,-4.0,6.0,1.0,4.0,0.0,2.0,63.0,64.0,66.0,65.0,65.0,64.0,65.0,63.0,65.0,65.0,63.0,71.0,70.0,71.0,66.0,73.0,70.0,70.0,72.0,68.0,74.0,70.0,0.21507607862303707,0.2621075171915414,0.5228164041854215
574,-4.0,2.0,3.0,5.0,1.0,0.0,63.0,64.0,68.0,64.0,66.0,64.0,61.0,68.0,69.0,69.0,66.0,66.0,66.0,63.0,64.0,69.0,65.0,67.0,65.0,66.0,68.0,66.0,0.43188553210181874,0.2827730525158621,0.28534141538231905
575,-16.0,-2.0,1.0,4.0,1.0,1.0,67.0,65.0,67.0,69.0,69.0,64.0,64.0,57.0,65.0,68.0,72.0,71.0,62.0,67.0,66.0,66.0,64.0,72.0,63.0,68.0,63.0,55.0,0.39362012615006925,0.28527896981925893,0.3211009040306718
576,5.0,5.0,4.0,6.0,2.0,0.0,71.0,71.0,73.0,73.0,66.0,70.0,70.0,74.0,69.0,70.0,74.0,68.0,70.0,67.0,68.0,58.0,59.0,73.0,67.0,66.0,70.0,61.0,0.530624997150215,0.2617803553371703,0.20759464751261447
577,2.0,14.0,5.0,6.0,2.0,0.0,71.0,69.0,71.0,70.0,61.0,71.0,69.0,70.0,73.0,67.0,67.0,66.0,65.0,70.0,66.0,62.0,64.0,65.0,67.0,63.0,68.0,68.0,0.5634169930186725,0.24722953145377052,0.18935347552755677
578,-2.0,5.0,4.0,4.0,2.0,1.0,71.0,68.0,73.0,66.0,64.0,65.0,65.0,62.0,72.0,69.0,68.0,65.0,66.0,72.0,67.0,68.0,72.0,71.0,68.0,66.0,72.0,72.0,0.4216476682585066,0.2779784804849697,0.30037385125652377
579,-4.0,-14.0,4.0,0.0,0.0,0.0,56.0,63.0,62.0,62.0,64.0,66.0,66.0,68.0,63.0,66.0,72.0,66.0,61.0,63.0,63.0,63.0,67.0,66.0,63.0,66.0,61.0,66.0,0.5438071319901103,0.25174159170220783,0.20445127630768184
580,-11.0,3.0,3.0,5.0,0.0,0.0,57.0,61.0,62.0,60.0,63.0,61.0,63.0,63.0,64.0,64.0,64.0,72.0,70.0,69.0,70.0,69.0,70.0,68.0,65.0,67.0,68.0,70.0,0.314154406195582,0.278164219140174,0.4076813746642441
581,2.0,-3.0,5.0,2.0,0.0,1.0,66.0,66.0,65.0,69.0,64.0,67.0,65.0,66.0,68.0,63.0,66.0,63.0,65.0,63.0,64.0,64.0,65.0,65.0,63.0,61.0,66.0,65.0,0.5136546155340189,0.2601516073845169,0.2261937770814643
582,0.0,9.0,4.0,5.0,1.0,2.0,65.0,64.0,67.0,62.0,65.0,66.0,66.0,64.0,68.0,68.0,71.0,74.0,73.0,74.0,72.0,71.0,76.0,67.0,71.0,62.0,71.0,73.0,0.19456035570082345,0.2494117466796113,0.5560278976195653
583,-3.0,-13.0,4.0,2.0,0.0,1.0,63.0,64.0,64.0,68.0,64.0,66.0,68.0,64.0,66.0,69.0,69.0,67.0,65.0,69.0,64.0,67.0,64.0,68.0,57.0,69.0,65.0,72.0,0.4697906511120126,0.2718429287233069,0.2583664201646804
584,11.0,2.0,5.0,3.0,2.0,0.0,74.0,73.0,74.0,72.0,71.0,76.0,67.0,71.0,62.0,77.0,73.0,71.0,70.0,70.0,73.0,66.0,70.0,69.0,70.0,74.0,68.0,74.0,0.563988601722188,0.24461606985087467,0.19139532842693727
585,6.0,-1.0,5.0,5.0,2.0,0.0,65.0,72.0,64.0,67.0,68.0,72.0,68.0,71.0,58.0,69.0,74.0,63.0,64.0,66.0,68.0,64.0,64.0,69.0,66.0,64.0,68.0,69.0,0.5580575446094665,0.2458594118561565,0.1960830435343769
586,4.0,-2.0,6.0,4.0,1.0,1.0,68.0,67.0,68.0,58.0,61.0,67.0,59.0,66.0,73.0,70.0,70.0,65.0,64.0,67.0,66.0,65.0,66.0,66.0,64.0,68.0,68.0,63.0,0.5139385628168391,0.2652247824833872,0.2208366546997736
587,11.0,7.0,5.0,6.0,0.0,2.0,66.0,65.0,70.0,66.0,66.0,65.0,64.0,63.0,68.0,67.0,68.0,66.0,66.0,65.0,69.0,64.0,65.0,66.0,67.0,66.0,68.0,63.0,0.36982032308900176,0.2833876068179504,0.34679207009304786
588,4.0,0.0,5.0,5.0,1.0,1.0,72.0,70.0,69.0,70.0,69.0,70.0,68.0,67.0,65.0,68.0,70.0,71.0,70.0,61.0,71.0,73.0,69.0,69.0,69.0,70.0,68.0,67.0,0.3553224561732406,0.2901280742767349,0.35454946955002437
589,-6.0,-3.0,2.0,4.0,0.0,0.0,63.0,65.0,63.0,64.0,58.0,65.0,65.0,65.0,63.0,65.0,66.0,56.0,63.0,62.0,67.0,64.0,68.0,66.0,66.0,66.0,67.0,72.0,0.40394874725753754,0.28803106295777525,0.30802018978468715
590,-11.0,-9.0,1.0,3.0,0.0,0.0,66.0,61.0,63.0,61.0,63.0,67.0,63.0,66.0,66.0,63.0,66.0,57.0,61.0,62.0,63.0,63.0,64.0,61.0,63.0,64.0,64.0,61.0,0.43299463224184553,0.28276223545388407,0.2842431323042704
591,-11.0,-5.0,2.0,3.0,0.0,3.0,67.0,67.0,63.0,69.0,65.0,69.0,64.0,71.0,70.0,72.0,68.0,71.0,68.0,66.0,73.0,71.0,62.0,64.0,73.0,68.0,69.0,72.0,0.2956655191674118,0.2774694623160188,0.42686501851656944
592,16.0,6.0,6.0,5.0,2.0,0.0,74.0,73.0,74.0,72.0,71.0,76.0,71.0,62.0,67.0,73.0,77.0,66.0,66.0,65.0,69.0,64.0,65.0,64.0,66.0,66.0,63.0,68.0,0.6752376122949836,0.20311737113314593,0.12164501657187046
593,-7.0,-1.0,3.0,4.0,0.0,1.0,57.0,61.0,62.0,63.0,63.0,61.0,61.0,63.0,64.0,64.0,64.0,65.0,64.0,66.0,67.0,66.0,66.0,66.0,63.0,68.0,68.0,64.0,0.328372836770003,0.2828278417938904,0.3887993214361066
594,6.0,-2.0,6.0,4.0,3.0,0.0,68.0,70.0,67.0,57.0,58.0,59.0,73.0,67.0,67.0,70.0,61.0,71.0,69.0,71.0,70.0,73.0,62.0,69.0,70.0,71.0,67.0,67.0,0.3812915638353939,0.29283658584301786,0.3258718503215882
595,11.0,-3.0,5.0,5.0,1.0,1.0,66.0,65.0,66.0,70.0,66.0,63.0,64.0,68.0,65.0,67.0,68.0,63.0,63.0,66.0,64.0,64.0,61.0,69.0,66.0,61.0,68.0,69.0,0.4253607445870985,0.2828712655087379,0.2917679899041636
596,6.0,-3.0,6.0,4.0,1.0,0.0,72.0,70.0,69.0,70.0,69.0,68.0,70.0,65.0,67.0,68.0,70.0,56.0,63.0,62.0,67.0,64.0,68.0,66.0,66.0,63.0,66.0,65.0,0.5527321000078074,0.2495496167515343,0.19771828324065835
597,-11.0,-6.0,1.0,2.0,1.0,2.0,63.0,64.0,68.0,64.0,58.0,65.0,65.0,65.0,63.0,65.0,66.0,71.0,68.0,73.0,71.0,64.0,70.0,65.0,64.0,66.0,66.0,69.0,0.26571556668594737,0.28091181797768194,0.45337261533637074
598,-9.0,-5.0,1.0,2.0,0.0,1.0,66.0,61.0,66.0,63.0,64.0,61.0,67.0,66.0,63.0,63.0,66.0,67.0,71.0,70.0,73.0,66.0,73.0,72.0,70.0,74.0,68.0,70.0,0.21480371477947294,0.2449268601296207,0.5402694250909064
599,-10.0,8.0,2.0,5.0,1.0,1.0,67.0,67.0,69.0,63.0,65.0,69.0,64.0,70.0,72.0,64.0,68.0,65.0,66.0,64.0,67.0,68.0,72.0,68.0,71.0,66.0,74.0,69.0,0.28995364755727,0.27573482417170064,0.43431152827102953
600,-3.0,-7.0,2.0,3.0,1.0,0.0,67.0,70.0,71.0,73.0,66.0,73.0,72.0,70.0,74.0,68.0,70.0,57.0,61.0,62.0,63.0,63.0,61.0,61.0,63.0,64.0,64.0,56.0,0.656842734167181,0.2108875875563124,0.13226967827650676
601,0.0,-9.0,4.0,2.0,2.0,0.0,71.0,69.0,71.0,70.0,73.0,71.0,69.0,67.0,62.0,67.0,67.0,63.0,64.0,68.0,64.0,58.0,65.0,63.0,61.0,65.0,66.0,65.0,0.6342720054852472,0.22113726060941913,0.14459073390533364
602,6.0,9.0,5.0,5.0,1.0,0.0,65.0,66.0,64.0,67.0,68.0,68.0,72.0,71.0,72.0,69.0,74.0,66.0,65.0,70.0,62.0,66.0,65.0,62.0,63.0,68.0,67.0,68.0,0.5737939204162359,0.23867347350625995,0.1875326060775042
603,-8.0,8.0,2.0,6.0,1.0,1.0,71.0,68.0,73.0,73.0,71.0,62.0,68.0,65.0,65.0,66.0,69.0,68.0,70.0,68.0,67.0,58.0,67.0,59.0,73.0,66.0,70.0,61.0,0.469588331087487,0.275123134444093,0.25528853446842
604,-6.0,17.0,3.0,7.0,0.0,2.0,56.0,63.0,62.0,67.0,64.0,68.0,63.0,66.0,55.0,57.0,66.0,74.0,73.0,74.0,72.0,70.0,76.0,67.0,71.0,62.0,77.0,73.0,0.1846932412453772,0.24509011847459497,0.5702166402800277
605,4.0,-5.0,4.0,3.0,3.0,0.0,66.0,66.0,59.0,69.0,64.0,68.0,66.0,66.0,66.0,66.0,67.0,67.0,67.0,63.0,69.0,65.0,64.0,69.0,64.0,70.0,72.0,68.0,0.47399190394439883,0.27472373824973173,0.2512843578058695
606,1.0,-12.0,4.0,1.0,0.0,0.0,65.0,71.0,66.0,70.0,66.0,66.0,64.0,66.0,63.0,68.0,68.0,66.0,63.0,63.0,61.0,63.0,66.0,67.0,64.0,56.0,66.0,66.0,0.5543090958962218,0.24691015231360253,0.1987807517901758
607,-3.0,8.0,5.0,7.0,0.0,1.0,63.0,63.0,68.0,64.0,64.0,66.0,61.0,61.0,69.0,69.0,66.0,72.0,70.0,69.0,65.0,69.0,68.0,67.0,70.0,68.0,70.0,65.0,0.36898499226809633,0.28723313647235044,0.34378187125955323
608,-2.0,-2.0,3.0,3.0,1.0,1.0,67.0,71.0,73.0,73.0,66.0,55.0,70.0,66.0,70.0,70.0,68.0,65.0,64.0,66.0,62.0,66.0,66.0,67.0,68.0,66.0,64.0,68.0,0.583765527176414,0.2453748107827854,0.1708596620408007
609,20.0,-6.0,8.0,3.0,2.0,1.0,74.0,73.0,74.0,72.0,71.0,62.0,76.0,71.0,73.0,67.0,77.0,67.0,67.0,69.0,69.0,65.0,71.0,57.0,64.0,70.0,72.0,68.0,0.6936727827205507,0.1826918772132275,0.12363534006622182
610,-9.0,6.0,2.0,5.0,1.0,1.0,57.0,61.0,62.0,63.0,63.0,56.0,61.0,63.0,64.0,57.0,64.0,66.0,66.0,65.0,69.0,63.0,65.0,66.0,64.0,66.0,68.0,66.0,0.3232368121829004,0.2778701344390283,0.39889305337807135
611,8.0,-10.0,6.0,2.0,1.0,1.0,68.0,70.0,68.0,59.0,58.0,67.0,73.0,67.0,63.0,70.0,66.0,56.0,62.0,67.0,65.0,62.0,63.0,64.0,66.0,66.0,67.0,63.0,0.5756676783433229,0.24290414312968642,0.1814281785269906
612,10.0,-7.0,5.0,2.0,0.0,2.0,66.0,65.0,62.0,70.0,66.0,68.0,62.0,65.0,63.0,67.0,64.0,71.0,68.0,73.0,73.0,71.0,65.0,72.0,67.0,64.0,66.0,69.0,0.3004842382069023,0.2763318542441694,0.42318390754892843
613,8.0,6.0,7.0,5.0,1.0,1.0,72.0,70.0,69.0,70.0,69.0,68.0,67.0,70.0,65.0,70.0,68.0,65.0,66.0,72.0,64.0,68.0,68.0,71.0,70.0,72.0,74.0,66.0,0.4044480951857496,0.280612949068147,0.3149389557461034
614,-12.0,-3.0,2.0,5.0,0.0,1.0,63.0,64.0,68.0,64.0,58.0,65.0,65.0,65.0,63.0,65.0,66.0,63.0,64.0,63.0,68.0,64.0,61.0,58.0,66.0,61.0,68.0,69.0,0.3749026228613215,0.28909284819763925,0.33600452894103927
615,-11.0,4.0,2.0,5.0,0.0,1.0,66.0,63.0,64.0,63.0,61.0,56.0,67.0,63.0,66.0,66.0,66.0,71.0,69.0,59.0,70.0,73.0,68.0,70.0,67.0,62.0,67.0,67.0,0.22854177380614896,0.2560984853888602,0.5153597408049909
616,7.0,-6.0,6.0,3.0,1.0,0.0,71.0,69.0,71.0,70.0,73.0,68.0,69.0,70.0,62.0,67.0,67.0,57.0,63.0,63.0,60.0,63.0,61.0,64.0,56.0,63.0,64.0,64.0,0.661831013442556,0.20566356231278976,0.13250542424465422
617,6.0,-15.0,5.0,2.0,1.0,0.0,65.0,66.0,72.0,64.0,68.0,68.0,72.0,71.0,72.0,74.0,66.0,63.0,65.0,68.0,64.0,58.0,63.0,65.0,64.0,65.0,65.0,63.0,0.6465016041557444,0.21119198367606756,0.14230641216818798
618,-8.0,-13.0,1.0,2.0,1.0,0.0,71.0,68.0,73.0,73.0,71.0,64.0,68.0,65.0,66.0,69.0,72.0,66.0,61.0,64.0,63.0,63.0,66.0,56.0,67.0,66.0,66.0,63.0,0.6244188878945955,0.21947148023156857,0.15610963187383592
619,-11.0,-6.0,1.0,2.0,0.0,2.0,56.0,62.0,62.0,67.0,65.0,63.0,66.0,64.0,66.0,67.0,63.0,67.0,71.0,73.0,73.0,66.0,74.0,70.0,55.0,74.0,70.0,68.0,0.23547898186742566,0.264174127494102,0.5003468906384723
620,5.0,9.0,5.0,6.0,0.0,2.0,66.0,66.0,64.0,65.0,69.0,65.0,64.0,66.0,63.0,66.0,68.0,68.0,70.0,68.0,67.0,58.0,59.0,67.0,61.0,70.0,66.0,66.0,0.3755069553126845,0.29465306304565886,0.32983998164165657
621,-5.0,7.0,2.0,7.0,0.0,3.0,65.0,64.0,66.0,67.0,66.0,67.0,66.0,62.0,68.0,68.0,64.0,72.0,70.0,69.0,65.0,69.0,68.0,67.0,70.0,68.0,67.0,65.0,0.3780923821685517,0.2852483338804012,0.33665928395104705
622,3.0,20.0,6.0,8.0,0.0,1.0,63.0,63.0,64.0,68.0,64.0,61.0,69.0,66.0,61.0,68.0,69.0,74.0,73.0,74.0,72.0,70.0,76.0,67.0,71.0,62.0,77.0,74.0,0.212807510604001,0.24243537828009337,0.5447571111159056
623,-3.0,10.0,3.0,5.0,1.0,1.0,67.0,65.0,67.0,69.0,69.0,71.0,64.0,57.0,68.0,70.0,72.0,66.0,70.0,62.0,63.0,65.0,63.0,68.0,61.0,65.0,67.0,64.0,0.4525929743982836,0.2766681409904646,0.2707388846112518
624,12.0,-11.0,6.0,2.0,2.0,0.0,73.0,69.0,70.0,70.0,70.0,72.0,76.0,68.0,76.0,77.0,71.0,71.0,59.0,62.0,67.0,64.0,65.0,72.0,66.0,65.0,65.0,68.0,0.6985098762658848,0.19025034355502785,0.11123978017908734
625,-6.0,14.0,2.0,9.0,0.0,0.0,57.0,60.0,63.0,61.0,62.0,64.0,61.0,56.0,64.0,61.0,63.0,65.0,71.0,73.0,72.0,73.0,71.0,69.0,72.0,67.0,62.0,71.0,0.18319221722850637,0.25443890042452294,0.5623688823469707
626,4.0,9.0,5.0,6.0,0.0,1.0,68.0,68.0,67.0,67.0,64.0,62.0,61.0,66.0,65.0,72.0,70.0,67.0,69.0,73.0,74.0,69.0,68.0,59.0,63.0,66.0,69.0,72.0,0.34991221362559344,0.2827697347727454,0.3673180516016611
627,-15.0,5.0,1.0,4.0,0.0,1.0,68.0,65.0,66.0,58.0,59.0,65.0,65.0,62.0,67.0,62.0,66.0,66.0,64.0,71.0,65.0,69.0,73.0,66.0,71.0,73.0,73.0,68.0,0.26260209448976024,0.26676670571026173,0.4706311997999779
628,9.0,-2.0,7.0,3.0,1.0,0.0,63.0,69.0,66.0,68.0,66.0,69.0,68.0,68.0,72.0,66.0,63.0,64.0,61.0,64.0,64.0,64.0,67.0,66.0,64.0,68.0,64.0,70.0,0.48482840709577707,0.26840876446290135,0.24676282844132155
629,-2.0,4.0,2.0,5.0,0.0,2.0,52.0,62.0,63.0,64.0,64.0,59.0,64.0,62.0,64.0,63.0,65.0,69.0,68.0,70.0,72.0,69.0,70.0,70.0,68.0,71.0,73.0,69.0,0.21546537573812613,0.282727378377711,0.5018072458841629
630,-2.0,-1.0,0.0,4.0,0.0,0.0,65.0,60.0,63.0,62.0,65.0,61.0,67.0,66.0,63.0,66.0,64.0,69.0,68.0,63.0,64.0,64.0,66.0,66.0,52.0,60.0,71.0,73.0,0.2924722460097443,0.28245916199866067,0.425068591991595
631,-3.0,-1.0,4.0,3.0,0.0,3.0,66.0,67.0,69.0,62.0,65.0,66.0,61.0,64.0,69.0,70.0,63.0,61.0,61.0,64.0,66.0,66.0,64.0,65.0,66.0,60.0,68.0,66.0,0.4729551731959815,0.2757552018928238,0.2512896249111946
632,0.0,-3.0,3.0,5.0,3.0,0.0,67.0,71.0,72.0,73.0,73.0,70.0,74.0,55.0,74.0,68.0,70.0,66.0,68.0,64.0,64.0,63.0,68.0,61.0,61.0,69.0,69.0,66.0,0.6049913550408604,0.22979845475434368,0.16521019020479594
633,-10.0,-16.0,3.0,1.0,0.0,2.0,57.0,61.0,63.0,60.0,63.0,63.0,61.0,63.0,64.0,62.0,64.0,71.0,62.0,62.0,67.0,65.0,63.0,66.0,68.0,64.0,63.0,67.0,0.3824828209057435,0.28876077955312185,0.3287563995411348
634,7.0,8.0,6.0,5.0,0.0,2.0,68.0,70.0,67.0,57.0,58.0,59.0,73.0,67.0,66.0,70.0,61.0,65.0,66.0,72.0,64.0,68.0,68.0,72.0,72.0,71.0,72.0,69.0,0.37673435948749884,0.28754592799103296,0.3357197125214682
635,9.0,-10.0,7.0,1.0,0.0,2.0,72.0,69.0,65.0,70.0,69.0,70.0,68.0,67.0,68.0,70.0,67.0,71.0,73.0,73.0,71.0,72.0,64.0,65.0,70.0,68.0,72.0,69.0,0.40393437399656185,0.288645497300337,0.30742012870310126
636,-3.0,13.0,3.0,7.0,0.0,3.0,65.0,64.0,66.0,67.0,66.0,68.0,62.0,64.0,66.0,67.0,68.0,71.0,69.0,71.0,70.0,73.0,68.0,70.0,69.0,62.0,67.0,67.0,0.3047248810831597,0.2779313184295681,0.41734380048727215
637,-15.0,-4.0,2.0,2.0,1.0,0.0,63.0,64.0,68.0,64.0,58.0,63.0,65.0,65.0,63.0,65.0,65.0,67.0,67.0,67.0,69.0,65.0,54.0,71.0,64.0,65.0,68.0,72.0,0.3581490497908536,0.29763418031762323,0.3442167698915232
638,-8.0,3.0,3.0,4.0,0.0,1.0,66.0,61.0,64.0,67.0,63.0,66.0,63.0,56.0,66.0,66.0,63.0,66.0,66.0,65.0,69.0,64.0,65.0,66.0,66.0,66.0,63.0,68.0,0.31459433504682666,0.28519713504798383,0.4002085299051895
639,14.0,2.0,7.0,4.0,1.0,2.0,71.0,70.0,71.0,73.0,69.0,69.0,70.0,62.0,71.0,67.0,67.0,67.0,71.0,72.0,73.0,73.0,73.0,68.0,74.0,55.0,74.0,70.0,0.43513806332096827,0.27441073760551704,0.2904511990735147
640,7.0,22.0,5.0,8.0,0.0,2.0,65.0,66.0,72.0,64.0,68.0,71.0,72.0,68.0,72.0,66.0,72.0,74.0,73.0,74.0,72.0,71.0,76.0,71.0,71.0,62.0,71.0,73.0,0.2833145355520488,0.27040523572086145,0.4462802287270898
641,-10.0,-5.0,1.0,4.0,0.0,0.0,71.0,68.0,73.0,66.0,71.0,72.0,72.0,64.0,65.0,70.0,69.0,57.0,61.0,63.0,60.0,63.0,63.0,61.0,63.0,64.0,62.0,57.0,0.6291684530635427,0.22448483718220472,0.14634670975425274
642,-17.0,-3.0,1.0,3.0,1.0,0.0,71.0,62.0,62.0,67.0,65.0,68.0,63.0,66.0,63.0,65.0,64.0,65.0,70.0,66.0,62.0,66.0,66.0,66.0,67.0,68.0,68.0,64.0,0.35401411751254336,0.29251581436880303,0.35347006811865367
643,7.0,-15.0,4.0,2.0,0.0,1.0,66.0,65.0,70.0,62.0,66.0,61.0,67.0,65.0,68.0,62.0,64.0,63.0,64.0,68.0,64.0,58.0,63.0,65.0,65.0,63.0,65.0,65.0,0.4714031836054887,0.27672757174447066,0.2518692446500407
644,0.0,9.0,3.0,7.0,2.0,1.0,66.0,66.0,65.0,69.0,63.0,65.0,66.0,66.0,66.0,66.0,68.0,72.0,70.0,69.0,64.0,69.0,68.0,70.0,70.0,67.0,70.0,68.0,0.3942956466234545,0.2847314090274916,0.3209729443490539
645,-5.0,6.0,5.0,6.0,2.0,0.0,63.0,64.0,64.0,68.0,64.0,61.0,69.0,66.0,61.0,68.0,69.0,68.0,70.0,67.0,57.0,58.0,73.0,59.0,67.0,61.0,70.0,67.0,0.360463277212353,0.2847947754126257,0.3547419473750212
646,-2.0,-7.0,2.0,4.0,0.0,0.0,67.0,67.0,69.0,67.0,65.0,69.0,65.0,64.0,71.0,68.0,72.0,66.0,61.0,64.0,63.0,63.0,61.0,66.0,56.0,66.0,66.0,63.0,0.5025115004990142,0.26907824373465367,0.2284102557663322
647,7.0,-2.0,5.0,2.0,1.0,1.0,67.0,71.0,73.0,66.0,73.0,72.0,72.0,68.0,68.0,74.0,74.0,66.0,64.0,63.0,64.0,59.0,65.0,67.0,65.0,66.0,66.0,66.0,0.5844113963927683,0.24134557526823178,0.17424302833899988
649,14.0,-16.0,7.0,1.0,1.0,1.0,71.0,71.0,59.0,73.0,69.0,71.0,69.0,70.0,62.0,67.0,67.0,71.0,62.0,67.0,64.0,65.0,63.0,62.0,64.0,68.0,65.0,63.0,0.6945277014119339,0.19158303998096915,0.11388925860709706
650,-5.0,-7.0,4.0,4.0,1.0,0.0,57.0,60.0,63.0,63.0,61.0,63.0,64.0,61.0,63.0,62.0,64.0,63.0,64.0,68.0,64.0,64.0,68.0,61.0,61.0,69.0,69.0,66.0,0.36492940718338984,0.28466870531503974,0.35040188750157036
651,7.0,-1.0,7.0,2.0,2.0,0.0,72.0,64.0,69.0,70.0,65.0,70.0,67.0,67.0,70.0,65.0,70.0,67.0,65.0,67.0,67.0,69.0,69.0,71.0,64.0,65.0,68.0,72.0,0.5179454992779805,0.26403418349327523,0.21802031722874426
652,-2.0,-10.0,3.0,1.0,1.0,2.0,65.0,62.0,70.0,66.0,69.0,64.0,67.0,66.0,66.0,68.0,68.0,71.0,66.0,73.0,68.0,71.0,72.0,64.0,65.0,67.0,69.0,72.0,0.3706243169056766,0.2871456388259676,0.3422300442683558
653,-5.0,2.0,4.0,4.0,0.0,0.0,66.0,64.0,63.0,61.0,63.0,67.0,56.0,66.0,66.0,63.0,66.0,65.0,64.0,69.0,72.0,67.0,68.0,71.0,72.0,72.0,74.0,72.0,0.24020970427029747,0.2747224204277554,0.485067875301947
654,18.0,8.0,8.0,6.0,3.0,0.0,75.0,72.0,75.0,71.0,70.0,77.0,72.0,71.0,71.0,79.0,75.0,68.0,70.0,68.0,60.0,67.0,66.0,74.0,68.0,64.0,67.0,68.0,0.6204854907380519,0.22738305197507622,0.1521314572868718
655,2.0,-8.0,4.0,3.0,2.0,0.0,68.0,66.0,64.0,70.0,68.0,68.0,71.0,72.0,72.0,72.0,74.0,72.0,61.0,63.0,60.0,63.0,61.0,64.0,63.0,64.0,66.0,63.0,0.6402058887968642,0.21517912938390774,0.14461498181922802
656,-13.0,16.0,0.0,7.0,2.0,0.0,67.0,68.0,73.0,69.0,71.0,70.0,66.0,66.0,70.0,72.0,69.0,71.0,69.0,71.0,70.0,73.0,71.0,70.0,69.0,69.0,67.0,62.0,0.35183338412128706,0.28515675252146916,0.3630098633572437
657,3.0,9.0,3.0,7.0,1.0,0.0,66.0,65.0,70.0,62.0,66.0,65.0,68.0,63.0,62.0,64.0,67.0,64.0,70.0,69.0,65.0,64.0,67.0,68.0,70.0,65.0,67.0,67.0,0.34587866975727394,0.2877217904071009,0.36639953983562507
658,-2.0,-17.0,2.0,1.0,2.0,1.0,66.0,66.0,65.0,59.0,63.0,67.0,65.0,66.0,66.0,66.0,66.0,71.0,63.0,62.0,64.0,64.0,66.0,66.0,66.0,72.0,72.0,66.0,0.5159333875636369,0.2738325748452297,0.2102340375911335
659,-4.0,-4.0,5.0,3.0,1.0,2.0,63.0,63.0,68.0,64.0,65.0,61.0,61.0,66.0,69.0,69.0,64.0,65.0,62.0,64.0,67.0,66.0,69.0,66.0,68.0,66.0,64.0,68.0,0.39367992256191575,0.28790796135257457,0.31841211608550973
660,-11.0,10.0,0.0,5.0,0.0,3.0,63.0,64.0,66.0,65.0,64.0,66.0,65.0,63.0,66.0,68.0,64.0,67.0,69.0,72.0,65.0,72.0,73.0,73.0,72.0,72.0,74.0,72.0,0.20902248086311595,0.24545392240602998,0.545523596730854
661,8.0,-8.0,5.0,0.0,2.0,0.0,67.0,69.0,70.0,71.0,72.0,57.0,72.0,74.0,72.0,69.0,70.0,67.0,73.0,68.0,69.0,71.0,72.0,70.0,70.0,65.0,66.0,69.0,0.519025811425026,0.26346314906871304,0.217511039506261
662,14.0,3.0,6.0,3.0,1.0,2.0,71.0,70.0,71.0,59.0,73.0,69.0,71.0,67.0,68.0,66.0,67.0,66.0,66.0,66.0,67.0,63.0,65.0,66.0,66.0,66.0,59.0,65.0,0.5736188861457789,0.25302779273178316,0.17335332112243762
665,9.0,-14.0,6.0,2.0,1.0,2.0,68.0,70.0,68.0,67.0,58.0,59.0,67.0,61.0,73.0,70.0,66.0,63.0,64.0,68.0,63.0,67.0,64.0,65.0,65.0,65.0,62.0,65.0,0.5870471023905399,0.2465510598939761,0.16640183771548403
666,-1.0,6.0,4.0,5.0,1.0,1.0,65.0,66.0,66.0,62.0,64.0,66.0,68.0,63.0,69.0,67.0,68.0,68.0,68.0,64.0,68.0,74.0,71.0,69.0,70.0,72.0,72.0,66.0,0.354069589561758,0.2858765961666514,0.36005381427159056
667,-3.0,-4.0,4.0,2.0,0.0,1.0,66.0,61.0,68.0,63.0,64.0,66.0,67.0,70.0,63.0,66.0,68.0,66.0,66.0,62.0,63.0,65.0,62.0,68.0,65.0,67.0,62.0,64.0,0.40084380154480126,0.2797690039532464,0.3193871945019524
668,26.0,14.0,9.0,6.0,2.0,1.0,74.0,73.0,74.0,72.0,70.0,76.0,67.0,71.0,62.0,71.0,73.0,71.0,68.0,71.0,70.0,73.0,71.0,70.0,69.0,62.0,66.0,67.0,0.5520000165822693,0.25392487656747076,0.19407510685025983
669,4.0,9.0,4.0,5.0,2.0,0.0,68.0,68.0,64.0,70.0,66.0,72.0,68.0,68.0,72.0,74.0,66.0,67.0,71.0,65.0,69.0,72.0,57.0,74.0,73.0,72.0,68.0,70.0,0.410855068026696,0.2803519272032641,0.30879300477003985
670,-7.0,-18.0,0.0,1.0,0.0,1.0,67.0,68.0,73.0,69.0,71.0,66.0,70.0,70.0,72.0,61.0,69.0,71.0,62.0,62.0,64.0,65.0,66.0,63.0,66.0,66.0,72.0,65.0,0.6078593958105613,0.231556508571576,0.16058409561786263
671,-8.0,-7.0,1.0,3.0,1.0,0.0,66.0,67.0,70.0,66.0,65.0,63.0,62.0,68.0,61.0,67.0,64.0,72.0,63.0,61.0,63.0,62.0,63.0,64.0,61.0,66.0,64.0,64.0,0.463826394302804,0.2757864118379052,0.2603871938592908
672,-2.0,3.0,2.0,5.0,2.0,0.0,66.0,66.0,59.0,65.0,66.0,67.0,63.0,65.0,66.0,68.0,66.0,65.0,62.0,66.0,64.0,66.0,64.0,69.0,67.0,66.0,68.0,68.0,0.43155729338862797,0.28524542692559646,0.2831972796857755
673,-7.0,1.0,3.0,5.0,0.0,0.0,66.0,65.0,61.0,64.0,64.0,66.0,64.0,61.0,69.0,66.0,67.0,66.0,63.0,68.0,64.0,66.0,67.0,61.0,68.0,63.0,70.0,64.0,0.5077649135113527,0.2682264386960595,0.22400864779258783
674,-3.0,9.0,2.0,6.0,1.0,1.0,67.0,65.0,67.0,64.0,65.0,69.0,71.0,64.0,65.0,68.0,53.0,68.0,70.0,68.0,67.0,58.0,67.0,61.0,73.0,66.0,66.0,70.0,0.3249108208389432,0.2843860659318477,0.3907031132292092
675,7.0,-9.0,5.0,1.0,1.0,2.0,67.0,70.0,72.0,65.0,73.0,74.0,73.0,72.0,72.0,70.0,68.0,66.0,65.0,70.0,67.0,66.0,61.0,68.0,65.0,62.0,67.0,64.0,0.6264452494919321,0.21849583305720466,0.15505891745086325
676,15.0,0.0,6.0,4.0,1.0,1.0,71.0,68.0,70.0,59.0,73.0,65.0,71.0,69.0,62.0,67.0,67.0,66.0,61.0,65.0,64.0,64.0,58.0,64.0,66.0,61.0,67.0,66.0,0.6174083850426746,0.2268136627212444,0.15577795223608099
677,-21.0,3.0,0.0,4.0,1.0,2.0,71.0,62.0,62.0,60.0,63.0,65.0,63.0,66.0,66.0,63.0,72.0,68.0,68.0,64.0,70.0,66.0,68.0,68.0,66.0,74.0,72.0,72.0,0.26211579819286845,0.27771769790305684,0.46016650390407465
678,-6.0,-17.0,3.0,1.0,1.0,1.0,72.0,61.0,63.0,62.0,63.0,63.0,64.0,63.0,64.0,64.0,66.0,63.0,65.0,68.0,64.0,63.0,65.0,65.0,65.0,67.0,62.0,65.0,0.3996077100438365,0.28671122424970064,0.31368106570646287
679,-1.0,-6.0,3.0,1.0,1.0,2.0,66.0,66.0,65.0,59.0,63.0,66.0,65.0,67.0,66.0,68.0,66.0,67.0,68.0,73.0,69.0,71.0,70.0,70.0,66.0,72.0,69.0,61.0,0.3594451076019842,0.28993810937125614,0.35061678302675964
680,2.0,-6.0,5.0,1.0,1.0,2.0,64.0,66.0,66.0,66.0,63.0,67.0,66.0,69.0,64.0,72.0,71.0,67.0,65.0,67.0,69.0,69.0,71.0,64.0,64.0,65.0,70.0,63.0,0.47437650429244327,0.26869126488057316,0.2569322308269836
681,-3.0,28.0,4.0,9.0,0.0,1.0,66.0,61.0,64.0,68.0,63.0,56.0,68.0,67.0,66.0,63.0,70.0,74.0,73.0,74.0,72.0,70.0,69.0,71.0,71.0,62.0,71.0,77.0,0.16711138058767214,0.24238652270684713,0.5905020967054806
682,24.0,-5.0,9.0,4.0,0.0,1.0,74.0,73.0,74.0,72.0,70.0,71.0,76.0,62.0,67.0,74.0,77.0,72.0,63.0,61.0,63.0,62.0,63.0,64.0,63.0,61.0,64.0,66.0,0.7278988067139177,0.16734458141839154,0.10475661186769078
683,7.0,1.0,5.0,4.0,0.0,1.0,67.0,69.0,69.0,70.0,67.0,70.0,71.0,69.0,75.0,69.0,73.0,67.0,66.0,63.0,66.0,67.0,67.0,68.0,66.0,67.0,69.0,66.0,0.5301595118364705,0.2584141189891408,0.21142636917438873
684,7.0,-4.0,6.0,4.0,1.0,0.0,68.0,70.0,68.0,67.0,60.0,68.0,68.0,68.0,74.0,65.0,70.0,66.0,63.0,66.0,63.0,64.0,65.0,63.0,67.0,67.0,63.0,66.0,0.5997393044740795,0.23711637594519344,0.16314431958072712
685,-9.0,-22.0,1.0,0.0,2.0,1.0,66.0,67.0,70.0,62.0,63.0,64.0,64.0,69.0,65.0,72.0,66.0,71.0,62.0,63.0,63.0,60.0,65.0,63.0,71.0,64.0,70.0,66.0,0.44057205136110184,0.277604188606961,0.28182376003193715
686,-15.0,4.0,1.0,6.0,0.0,2.0,63.0,64.0,65.0,64.0,63.0,66.0,65.0,63.0,66.0,63.0,67.0,64.0,62.0,66.0,66.0,65.0,67.0,65.0,67.0,67.0,68.0,70.0,0.3474441173491558,0.2876838175743718,0.3648720650764723
687,-1.0,-5.0,4.0,1.0,0.0,2.0,66.0,61.0,63.0,64.0,62.0,66.0,66.0,61.0,63.0,67.0,66.0,66.0,69.0,69.0,70.0,69.0,70.0,66.0,72.0,67.0,64.0,71.0,0.3676058555878847,0.28342480983783547,0.3489693345742798
688,-7.0,14.0,1.0,6.0,0.0,2.0,66.0,64.0,66.0,65.0,64.0,69.0,65.0,66.0,64.0,66.0,63.0,71.0,61.0,70.0,64.0,73.0,71.0,73.0,70.0,68.0,66.0,71.0,0.2550524601923249,0.2704428954743312,0.4745046443333438
689,14.0,23.0,6.0,9.0,0.0,2.0,67.0,69.0,65.0,72.0,72.0,72.0,73.0,72.0,73.0,72.0,74.0,75.0,72.0,75.0,74.0,71.0,71.0,72.0,70.0,77.0,71.0,79.0,0.3211915789143398,0.2821505296849924,0.3966578914006679
690,12.0,9.0,6.0,6.0,1.0,1.0,71.0,70.0,73.0,73.0,61.0,65.0,71.0,70.0,68.0,69.0,67.0,68.0,75.0,69.0,72.0,69.0,71.0,70.0,62.0,67.0,69.0,70.0,0.4672694054092629,0.2743785085305647,0.25835208606017235
691,-2.0,-11.0,2.0,0.0,2.0,0.0,66.0,69.0,72.0,69.0,70.0,69.0,70.0,68.0,66.0,69.0,71.0,63.0,64.0,65.0,66.0,64.0,66.0,66.0,63.0,65.0,64.0,68.0,0.5776812283737298,0.23928050841063997,0.18303826321563016
693,-3.0,-2.0,3.0,4.0,0.0,2.0,67.0,66.0,63.0,66.0,67.0,66.0,67.0,65.0,67.0,69.0,66.0,66.0,66.0,63.0,64.0,61.0,58.0,66.0,61.0,66.0,66.0,67.0,0.4607238060892505,0.280293899330633,0.2589822945801166
694,7.0,-9.0,7.0,1.0,1.0,1.0,68.0,62.0,66.0,66.0,65.0,68.0,67.0,67.0,64.0,70.0,67.0,66.0,64.0,70.0,67.0,62.0,65.0,64.0,65.0,72.0,66.0,59.0,0.528802150012081,0.2627157279873889,0.2084821220005301
695,16.0,6.0,7.0,7.0,2.0,1.0,75.0,72.0,72.0,74.0,71.0,71.0,77.0,71.0,75.0,72.0,71.0,68.0,66.0,66.0,62.0,65.0,66.0,67.0,64.0,67.0,67.0,68.0,0.6711640432144597,0.19809721578106795,0.13073874100447241
696,8.0,0.0,5.0,3.0,2.0,1.0,68.0,69.0,70.0,71.0,67.0,70.0,71.0,63.0,69.0,75.0,73.0,66.0,72.0,69.0,69.0,70.0,69.0,66.0,67.0,69.0,71.0,64.0,0.4787233207935331,0.27049075081658713,0.25078592838987956
697,10.0,12.0,8.0,5.0,1.0,1.0,69.0,70.0,67.0,68.0,60.0,67.0,68.0,68.0,68.0,74.0,70.0,69.0,69.0,72.0,67.0,72.0,73.0,73.0,72.0,72.0,74.0,72.0,0.3756169557197783,0.2857487161225084,0.3386343281577132
698,-6.0,10.0,2.0,5.0,0.0,3.0,66.0,64.0,70.0,66.0,63.0,65.0,64.0,65.0,69.0,72.0,66.0,71.0,61.0,73.0,70.0,73.0,71.0,73.0,70.0,63.0,71.0,69.0,0.2553536887679452,0.27210695934490425,0.47253935188715046
699,-2.0,-19.0,4.0,0.0,1.0,0.0,67.0,63.0,64.0,66.0,63.0,61.0,67.0,64.0,67.0,65.0,67.0,59.0,62.0,65.0,64.0,64.0,71.0,63.0,63.0,70.0,66.0,63.0,0.41664410324901713,0.28524790617020634,0.2981079905807765
700,-13.0,-4.0,0.0,4.0,1.0,1.0,63.0,64.0,66.0,65.0,63.0,65.0,64.0,65.0,65.0,64.0,63.0,66.0,61.0,64.0,66.0,64.0,63.0,66.0,66.0,66.0,61.0,67.0,0.36175440678200377,0.2849525950930799,0.35329299812491627
701,3.0,-2.0,4.0,0.0,0.0,0.0,69.0,68.0,70.0,72.0,69.0,70.0,70.0,68.0,71.0,67.0,68.0,65.0,60.0,63.0,66.0,62.0,67.0,58.0,66.0,63.0,65.0,64.0,0.679227855115857,0.2005213834402717,0.12025076144387119
702,6.0,7.0,4.0,6.0,1.0,1.0,66.0,64.0,71.0,65.0,69.0,73.0,66.0,71.0,63.0,68.0,73.0,63.0,69.0,66.0,68.0,66.0,69.0,68.0,68.0,72.0,63.0,66.0,0.49711566494242154,0.26446019618845934,0.23842413886911906
703,9.0,-15.0,6.0,1.0,2.0,0.0,67.0,60.0,73.0,69.0,64.0,63.0,67.0,68.0,66.0,66.0,72.0,68.0,63.0,66.0,58.0,59.0,62.0,67.0,65.0,65.0,62.0,66.0,0.6508760182959685,0.20929416962557013,0.1398298120784613
704,-7.0,5.0,2.0,5.0,2.0,1.0,71.0,59.0,62.0,67.0,65.0,66.0,72.0,65.0,65.0,68.0,66.0,68.0,68.0,67.0,67.0,64.0,64.0,72.0,66.0,62.0,70.0,65.0,0.34279942470517966,0.2891768170942094,0.36802375820061084
705,-2.0,-5.0,3.0,2.0,1.0,0.0,61.0,61.0,64.0,66.0,66.0,64.0,60.0,66.0,60.0,66.0,68.0,57.0,61.0,62.0,63.0,60.0,63.0,63.0,64.0,61.0,57.0,63.0,0.5760230853567284,0.24623498756970225,0.1777419270735693
706,-2.0,12.0,3.0,9.0,1.0,2.0,69.0,65.0,63.0,64.0,68.0,66.0,66.0,60.0,52.0,71.0,73.0,65.0,71.0,72.0,73.0,73.0,71.0,67.0,74.0,69.0,71.0,74.0,0.3257493874429851,0.28878416951895625,0.38546644303805866
707,-1.0,-2.0,3.0,2.0,1.0,0.0,64.0,61.0,64.0,64.0,64.0,66.0,64.0,64.0,67.0,70.0,68.0,52.0,64.0,63.0,64.0,62.0,64.0,64.0,64.0,59.0,65.0,62.0,0.5454422145222366,0.2584883868946262,0.19606939858313716
708,-4.0,11.0,4.0,6.0,1.0,2.0,66.0,67.0,69.0,62.0,65.0,66.0,71.0,70.0,64.0,63.0,65.0,73.0,69.0,73.0,70.0,70.0,72.0,76.0,68.0,76.0,77.0,71.0,0.2587423980995477,0.27533865258328805,0.4659189493171644
709,9.0,11.0,5.0,7.0,1.0,1.0,71.0,71.0,61.0,73.0,61.0,71.0,70.0,73.0,68.0,68.0,69.0,72.0,70.0,69.0,65.0,60.0,69.0,69.0,70.0,67.0,70.0,68.0,0.5155375069594701,0.26163203718118166,0.2228304558593484
710,1.0,14.0,3.0,7.0,0.0,3.0,66.0,69.0,68.0,70.0,70.0,69.0,66.0,69.0,66.0,71.0,69.0,75.0,68.0,75.0,74.0,71.0,77.0,72.0,71.0,73.0,71.0,75.0,0.2508246598607052,0.2731270853019795,0.4760482548373153
711,-20.0,-15.0,0.0,0.0,1.0,2.0,59.0,62.0,62.0,64.0,63.0,65.0,65.0,63.0,66.0,63.0,64.0,63.0,63.0,66.0,54.0,65.0,64.0,66.0,53.0,65.0,60.0,63.0,0.41735545482757963,0.2831784515094896,0.29946609366293064
712,-8.0,-2.0,4.0,4.0,0.0,0.0,70.0,64.0,63.0,64.0,64.0,60.0,66.0,63.0,66.0,64.0,63.0,67.0,64.0,66.0,61.0,64.0,63.0,67.0,65.0,67.0,63.0,67.0,0.4254546945185577,0.2839187137005309,0.2906265917809114
713,3.0,6.0,5.0,5.0,0.0,3.0,66.0,64.0,61.0,66.0,65.0,66.0,61.0,66.0,67.0,66.0,67.0,68.0,72.0,71.0,70.0,68.0,68.0,73.0,72.0,71.0,69.0,71.0,0.3278812458886047,0.28237141653390607,0.38974733757748925
714,10.0,-11.0,8.0,1.0,2.0,0.0,72.0,71.0,72.0,73.0,71.0,71.0,74.0,67.0,71.0,69.0,70.0,71.0,59.0,62.0,67.0,65.0,65.0,66.0,72.0,65.0,66.0,68.0,0.635716819442324,0.21996735739019346,0.14431582316748245
715,14.0,1.0,7.0,3.0,0.0,0.0,73.0,69.0,70.0,73.0,70.0,72.0,76.0,68.0,76.0,77.0,71.0,64.0,61.0,64.0,64.0,64.0,66.0,64.0,67.0,64.0,68.0,70.0,0.6920821128879086,0.18915509255513935,0.11876279455695209
716,-3.0,4.0,3.0,4.0,0.0,0.0,57.0,63.0,62.0,63.0,60.0,63.0,64.0,61.0,61.0,63.0,63.0,69.0,68.0,70.0,72.0,69.0,70.0,68.0,71.0,69.0,68.0,67.0,0.2370289244457668,0.26613872326629706,0.4968323522879361
717,5.0,-3.0,5.0,3.0,1.0,0.0,68.0,68.0,67.0,67.0,64.0,59.0,66.0,64.0,72.0,66.0,70.0,61.0,61.0,64.0,66.0,66.0,60.0,66.0,60.0,66.0,64.0,68.0,0.45919342862633367,0.27895918619019716,0.2618473851834691
718,-13.0,-6.0,1.0,4.0,0.0,1.0,68.0,63.0,66.0,58.0,59.0,62.0,66.0,65.0,67.0,66.0,62.0,66.0,67.0,69.0,66.0,65.0,61.0,62.0,64.0,70.0,71.0,63.0,0.35434165267657974,0.2836450787318777,0.3620132685915426
719,9.0,-3.0,6.0,2.0,3.0,0.0,72.0,69.0,66.0,68.0,66.0,69.0,68.0,67.0,70.0,72.0,66.0,69.0,68.0,63.0,64.0,65.0,66.0,52.0,66.0,60.0,71.0,73.0,0.46254165993242696,0.2733555277854759,0.2641028122820971
720,-4.0,2.0,1.0,4.0,0.0,1.0,52.0,63.0,64.0,64.0,62.0,62.0,64.0,59.0,64.0,64.0,65.0,66.0,64.0,65.0,69.0,71.0,73.0,66.0,63.0,73.0,71.0,68.0,0.2759524292442882,0.2792491701988552,0.4447984005568567
721,-4.0,3.0,0.0,5.0,0.0,0.0,65.0,58.0,63.0,66.0,65.0,66.0,67.0,58.0,61.0,63.0,64.0,67.0,73.0,74.0,69.0,72.0,59.0,62.0,66.0,72.0,63.0,69.0,0.21566597094269668,0.26068557739904785,0.5236484516582554
724,4.0,9.0,5.0,6.0,2.0,0.0,67.0,72.0,73.0,74.0,64.0,72.0,68.0,59.0,63.0,72.0,66.0,72.0,69.0,66.0,68.0,66.0,68.0,69.0,70.0,72.0,67.0,66.0,0.5383000857364889,0.25927217521212104,0.20242773905139
725,-12.0,-7.0,1.0,3.0,1.0,0.0,71.0,59.0,62.0,67.0,65.0,65.0,66.0,72.0,66.0,65.0,68.0,57.0,63.0,61.0,62.0,60.0,63.0,63.0,64.0,61.0,61.0,63.0,0.4919022931639142,0.27124904820452456,0.23684865863156118
727,-5.0,-6.0,3.0,0.0,0.0,0.0,61.0,66.0,64.0,61.0,64.0,62.0,59.0,66.0,65.0,68.0,66.0,65.0,65.0,63.0,66.0,58.0,61.0,67.0,68.0,64.0,61.0,63.0,0.5769622686242621,0.24700206481143624,0.1760356665643016
729,-8.0,-2.0,3.0,1.0,1.0,0.0,66.0,67.0,69.0,66.0,65.0,64.0,70.0,62.0,61.0,71.0,68.0,52.0,64.0,64.0,68.0,62.0,62.0,64.0,63.0,59.0,64.0,65.0,0.491377528520204,0.28336478166390666,0.22525768981588934
730,8.0,8.0,8.0,5.0,1.0,1.0,71.0,71.0,73.0,70.0,73.0,72.0,66.0,70.0,70.0,72.0,74.0,71.0,69.0,70.0,73.0,72.0,69.0,70.0,71.0,71.0,69.0,67.0,0.4904566790117739,0.27566561990429894,0.2338777010839271
731,12.0,7.0,6.0,5.0,2.0,0.0,74.0,68.0,71.0,74.0,70.0,73.0,76.0,71.0,71.0,73.0,77.0,68.0,66.0,67.0,64.0,69.0,58.0,68.0,71.0,72.0,72.0,66.0,0.5767083463299317,0.24450293331759837,0.17878872035246984
732,-8.0,7.0,3.0,6.0,0.0,0.0,57.0,59.0,60.0,63.0,61.0,62.0,61.0,64.0,64.0,63.0,63.0,71.0,71.0,73.0,73.0,68.0,72.0,72.0,64.0,65.0,66.0,70.0,0.2455447036922586,0.2685225557107452,0.4859327405969961
733,4.0,0.0,5.0,3.0,0.0,1.0,68.0,70.0,68.0,67.0,67.0,73.0,55.0,66.0,65.0,70.0,66.0,66.0,65.0,66.0,64.0,63.0,68.0,64.0,68.0,66.0,69.0,66.0,0.5140022424115177,0.2636527448771279,0.2223450127113543
734,6.0,-4.0,5.0,4.0,1.0,1.0,72.0,70.0,70.0,69.0,69.0,70.0,68.0,67.0,70.0,68.0,70.0,66.0,64.0,65.0,69.0,64.0,65.0,67.0,66.0,66.0,64.0,68.0,0.4652870646340223,0.2748292930269225,0.25988364233905503
735,-4.0,-10.0,2.0,2.0,1.0,0.0,71.0,70.0,69.0,69.0,64.0,67.0,66.0,64.0,68.0,72.0,71.0,71.0,63.0,62.0,67.0,64.0,68.0,66.0,66.0,66.0,68.0,72.0,0.4891829971853835,0.26770830757322744,0.24310869524138906
737,6.0,-7.0,4.0,0.0,0.0,0.0,65.0,66.0,70.0,64.0,69.0,72.0,68.0,71.0,66.0,72.0,74.0,65.0,61.0,63.0,64.0,63.0,61.0,67.0,66.0,61.0,64.0,63.0,0.6475032043529614,0.21386899161851103,0.13862780402852742
738,7.0,-5.0,6.0,2.0,2.0,0.0,71.0,71.0,73.0,73.0,64.0,72.0,64.0,66.0,69.0,70.0,67.0,65.0,67.0,70.0,66.0,69.0,65.0,72.0,66.0,66.0,66.0,68.0,0.6253534560592041,0.22087753157856108,0.15376901236223478
739,-4.0,8.0,3.0,5.0,0.0,2.0,71.0,63.0,62.0,67.0,64.0,68.0,66.0,66.0,66.0,68.0,72.0,71.0,61.0,70.0,73.0,61.0,69.0,70.0,68.0,71.0,69.0,67.0,0.29887009236501927,0.2832715968392198,0.41785831079576097
740,-8.0,0.0,1.0,4.0,0.0,0.0,66.0,63.0,66.0,66.0,63.0,63.0,68.0,61.0,65.0,67.0,64.0,68.0,70.0,68.0,67.0,59.0,67.0,61.0,55.0,73.0,70.0,65.0,0.3418195050112912,0.2834704685024372,0.37471002648627155
741,-2.0,9.0,5.0,8.0,1.0,2.0,66.0,66.0,65.0,69.0,63.0,66.0,65.0,67.0,64.0,66.0,68.0,71.0,71.0,73.0,70.0,73.0,70.0,70.0,70.0,68.0,72.0,74.0,0.2961416376382101,0.2855532878287792,0.41830507453301047
742,0.0,10.0,1.0,5.0,0.0,1.0,63.0,65.0,63.0,64.0,63.0,65.0,65.0,63.0,65.0,65.0,65.0,74.0,73.0,72.0,70.0,71.0,76.0,71.0,62.0,71.0,69.0,73.0,0.20171506928264837,0.2636981733673281,0.5345867573500234
743,3.0,-10.0,4.0,2.0,0.0,0.0,66.0,65.0,66.0,64.0,63.0,68.0,64.0,68.0,66.0,69.0,66.0,57.0,63.0,63.0,63.0,63.0,62.0,61.0,64.0,64.0,64.0,63.0,0.54853824784833,0.2562702594443187,0.19519149270735114
744,-12.0,4.0,2.0,4.0,0.0,2.0,63.0,67.0,57.0,63.0,65.0,70.0,69.0,69.0,69.0,64.0,68.0,72.0,70.0,69.0,70.0,69.0,67.0,70.0,68.0,65.0,68.0,70.0,0.3936583720542991,0.2857927792802569,0.3205488486654439
745,12.0,-14.0,8.0,1.0,2.0,1.0,71.0,70.0,71.0,66.0,73.0,70.0,70.0,68.0,74.0,74.0,70.0,63.0,63.0,65.0,67.0,69.0,64.0,64.0,57.0,69.0,65.0,65.0,0.6374386435324155,0.21546088297912255,0.14710047348846184
746,7.0,3.0,5.0,5.0,0.0,2.0,71.0,70.0,72.0,73.0,61.0,71.0,69.0,69.0,70.0,68.0,67.0,71.0,71.0,66.0,73.0,73.0,68.0,64.0,66.0,69.0,72.0,67.0,0.48083517949477245,0.26673902273962746,0.2524257977656002
747,-4.0,1.0,3.0,5.0,1.0,2.0,56.0,63.0,62.0,67.0,64.0,66.0,66.0,66.0,68.0,72.0,68.0,66.0,66.0,69.0,65.0,64.0,65.0,67.0,66.0,68.0,63.0,66.0,0.42738589820089823,0.2887123996247563,0.2839017021743455
748,-9.0,3.0,3.0,3.0,0.0,1.0,57.0,63.0,63.0,63.0,63.0,62.0,61.0,64.0,64.0,64.0,63.0,65.0,64.0,69.0,67.0,68.0,71.0,70.0,72.0,72.0,66.0,74.0,0.2738674649222242,0.274082167823164,0.4520503672546118
749,2.0,10.0,5.0,5.0,0.0,3.0,68.0,70.0,67.0,68.0,61.0,59.0,67.0,61.0,73.0,66.0,65.0,74.0,73.0,74.0,72.0,70.0,62.0,76.0,71.0,73.0,71.0,77.0,0.2553402793212697,0.2807152653835856,0.46394445529514466
750,5.0,-8.0,5.0,1.0,0.0,1.0,72.0,70.0,69.0,70.0,69.0,70.0,68.0,67.0,68.0,70.0,67.0,66.0,63.0,66.0,66.0,65.0,63.0,68.0,65.0,62.0,54.0,64.0,0.5626005661989438,0.25404133232088805,0.18335810148016812
751,-5.0,4.0,2.0,4.0,1.0,1.0,65.0,67.0,70.0,66.0,69.0,65.0,72.0,66.0,66.0,66.0,68.0,66.0,68.0,64.0,66.0,64.0,68.0,64.0,68.0,66.0,69.0,66.0,0.4720182058988171,0.273151664177269,0.254830129923914
752,-7.0,0.0,0.0,1.0,0.0,0.0,65.0,63.0,64.0,63.0,61.0,66.0,63.0,67.0,61.0,63.0,64.0,63.0,58.0,64.0,65.0,65.0,66.0,65.0,63.0,65.0,65.0,63.0,0.3763109819727088,0.289089290958245,0.3345997270690462
753,7.0,2.0,5.0,4.0,2.0,0.0,74.0,73.0,74.0,72.0,70.0,62.0,76.0,73.0,71.0,71.0,77.0,72.0,70.0,70.0,69.0,69.0,68.0,70.0,67.0,67.0,68.0,70.0,0.6260943653767221,0.22006172756576597,0.15384390705751194
754,5.0,0.0,4.0,3.0,1.0,1.0,65.0,66.0,70.0,64.0,69.0,71.0,68.0,72.0,72.0,74.0,66.0,65.0,70.0,67.0,66.0,66.0,66.0,69.0,66.0,68.0,72.0,65.0,0.5511094661383524,0.24763946710085416,0.20125106676079363
755,2.0,15.0,5.0,8.0,0.0,3.0,71.0,68.0,73.0,66.0,71.0,73.0,64.0,70.0,66.0,72.0,69.0,71.0,71.0,70.0,73.0,66.0,74.0,70.0,72.0,70.0,74.0,68.0,0.40152510535782,0.28056933024586705,0.31790556439631307
756,-7.0,-7.0,1.0,0.0,0.0,0.0,66.0,65.0,66.0,63.0,66.0,68.0,65.0,63.0,62.0,68.0,64.0,65.0,57.0,63.0,64.0,63.0,66.0,67.0,66.0,63.0,63.0,61.0,0.45576918281594525,0.2750583166238802,0.2691725005601745
757,-1.0,7.0,4.0,5.0,2.0,1.0,66.0,66.0,65.0,69.0,63.0,65.0,67.0,66.0,68.0,66.0,67.0,71.0,69.0,72.0,72.0,70.0,69.0,70.0,73.0,71.0,67.0,72.0,0.3357318000607354,0.2917590080576038,0.3725091918816608
758,0.0,2.0,1.0,5.0,2.0,0.0,63.0,65.0,63.0,64.0,64.0,65.0,65.0,65.0,63.0,65.0,66.0,68.0,70.0,67.0,68.0,61.0,61.0,59.0,67.0,73.0,67.0,66.0,0.3694104001803815,0.29362927935418937,0.3369603204654292
760,-19.0,-11.0,0.0,2.0,0.0,0.0,63.0,67.0,63.0,64.0,65.0,57.0,69.0,65.0,64.0,69.0,65.0,57.0,63.0,62.0,63.0,63.0,63.0,64.0,62.0,61.0,64.0,63.0,0.4653671585735564,0.2738586612118884,0.2607741802145552
